{
  "project_info": {
    "project_number": "721151938979",
    "firebase_url": "https://narcosoft-9160c.firebaseio.com",
    "project_id": "narcosoft-9160c",
    "storage_bucket": "narcosoft-9160c.appspot.com"
  },
  "client": [
    {
      "client_info": {
        "mobilesdk_app_id": "1:721151938979:android:2ef74b73488fbd26",
        "android_client_info": {
          "package_name": "com.example.jagma.login_screen"
        }
      },
      "oauth_client": [
        {
          "client_id": "721151938979-4jvnr34ubrof6ld4v7k1afp2l1jk55or.apps.googleusercontent.com",
          "client_type": 1,
          "android_info": {
            "package_name": "com.example.jagma.login_screen",
            "certificate_hash": "57c4cbb58aad4672ea3a879dc7305498e3da4747"
          }
        },
        {
          "client_id": "721151938979-2opumqd88esvofauoufaae9njr4rclj8.apps.googleusercontent.com",
          "client_type": 3
        }
      ],
      "api_key": [
        {
          "current_key": "AIzaSyD_fmu1uyY7GY8U4hWec29fatc7MKWtaeA"
        }
      ],
      "services": {
        "analytics_service": {
          "status": 1
        },
        "appinvite_service": {
          "status": 2,
          "other_platform_oauth_client": [
            {
              "client_id": "721151938979-2opumqd88esvofauoufaae9njr4rclj8.apps.googleusercontent.com",
              "client_type": 3
            }
          ]
        },
        "ads_service": {
          "status": 2
        }
      }
    }
  ],
  "configuration_version": "1"
}